Workbook

Sheet Attendance
A1: وقت | D1: الاسم الأول | E1: عدد الموظفين | F1: اسم الأخير
A2: 46124 | B2: 0.66666667 | D2: احميد راتب | E2: 8 | F2: الادارة
A3: 46124 | B3: 0.33333333 | C3: =(B2-B3)/TIME(8,0,0) -> 1 | D3: احميد راتب | E3: 8 | F3: الادارة
A4: 46124 | B4: 0.66666667 | D4: قابوسة علي | E4: 13 | F4: الادارة
A5: 46124 | B5: 0.33333333 | C5: =(B4-B5)/TIME(8,0,0) -> 1 | D5: قابوسة علي | E5: 13 | F5: الادارة
A6: 46124 | B6: 0.98958333 | D6: ساحة علي | E6: 18 | F6: البراغي مساء
A7: 46124 | B7: 0.65625 | C7: =(B6-B7)/TIME(8,0,0) -> 1 | D7: ساحة علي | E7: 18 | F7: البراغي مساء
A8: 46124 | B8: 0.66666667 | D8: بن سعدية السعيد | E8: 20 | F8: الفيلتاش
A9: 46124 | B9: 0.33333333 | C9: =(B8-B9)/TIME(8,0,0) -> 1 | D9: بن سعدية السعيد | E9: 20 | F9: الفيلتاش
A10: 46124 | B10: 0.66666667 | D10: صبتي محمود التجاني | E10: 21 | F10: الداهن
A11: 46124 | B11: 0.33333333 | C11: =(B10-B11)/TIME(8,0,0) -> 1 | D11: صبتي محمود التجاني | E11: 21 | F11: الداهن
A12: 46124 | B12: 0.98958333 | D12: نويوات شويطر سفيان | E12: 22 | F12: الزنقاج | G12: 0.65625
A13: 46124 | B13: 0.65625 | C13: =(B12-B13)/TIME(8,0,0) -> 1 | D13: نويوات شويطر سفيان | E13: 22 | F13: الزنقاج | G13: 0.33333333 | H13: =(G12-G13)/TIME(1,0,0) -> 7.75
A14: 46124 | B14: 0.66666667 | D14: هقي العروسي | E14: 24 | F14: الفيلتاش | H14: =(G13-G14)/TIME(1,0,0) -> 8
A15: 46124 | B15: 0.33333333 | C15: =(B14-B15)/TIME(8,0,0) -> 1 | D15: هقي العروسي | E15: 24 | F15: الفيلتاش | H15: =(G14-G15)/TIME(1,0,0) -> 0
A16: 46124 | B16: 0.34791667 | D16: شيخة يمينة | E16: 25 | F16: التركيب 2 | H16: =(G15-G16)/TIME(1,0,0) -> 0
A17: 46124 | B17: 0.33333333 | C17: 0.04 | D17: شيخة يمينة | E17: 25 | F17: التركيب 2 | H17: =(G16-G17)/TIME(1,0,0) -> 0
A18: 46124 | B18: 0.67916667 | D18: بن حوة عبد القادر | E18: 26 | F18: البراغي | G18: 0.72083333 | H18: =(G17-G18)/TIME(1,0,0) -> -17.3
A19: 46124 | B19: 0.34583333 | C19: =(B18-B19)/TIME(8,0,0) -> 1 | D19: بن حوة عبد القادر | E19: 26 | F19: البراغي | G19: 0.67916667 | H19: =(G18-G19)/TIME(1,0,0) -> 1
A20: 46124 | B20: 0.66666667 | D20: مدخل هدى | E20: 27 | F20: التركيب 1 | H20: =(G19-G20)/TIME(1,0,0) -> 16.3
A21: 46124 | B21: 0.33333333 | C21: =(B20-B21)/TIME(8,0,0) -> 1 | D21: مدخل هدى | E21: 27 | F21: التركيب 1 | H21: =(G20-G21)/TIME(1,0,0) -> 0
A22: 46124 | B22: 0.66666667 | D22: سالم الياس | E22: 28 | F22: الشبكة | H22: =(G21-G22)/TIME(1,0,0) -> 0
A23: 46124 | B23: 0.33333333 | C23: =(B22-B23)/TIME(8,0,0) -> 1 | D23: سالم الياس | E23: 28 | F23: الشبكة | H23: =(G22-G23)/TIME(1,0,0) -> 0
A24: 46124 | B24: 0.66666667 | D24: جاب الله العربي | E24: 30 | F24: السلك | H24: =(G23-G24)/TIME(1,0,0) -> 0
A25: 46124 | B25: 0.33333333 | C25: =(B24-B25)/TIME(8,0,0) -> 1 | D25: جاب الله العربي | E25: 30 | F25: السلك | H25: =(G24-G25)/TIME(1,0,0) -> 0
A26: 46124 | B26: 0.66666667 | D26: لموشي يوسف | E26: 31 | F26: الفيلتاش | G26: 0.98958333 | H26: =(G25-G26)/TIME(1,0,0) -> -23.75
A27: 46124 | B27: 0.33333333 | C27: =(B26-B27)/TIME(8,0,0) -> 1 | D27: لموشي يوسف | E27: 31 | F27: الفيلتاش | G27: 0.66666667 | H27: =(G26-G27)/TIME(1,0,0) -> 7.75
A28: 46124 | B28: 0.66666667 | D28: بن عبد الله المولدي | E28: 32 | F28: السلك | H28: =(G27-G28)/TIME(1,0,0) -> 16
A29: 46124 | B29: 0.33333333 | C29: =(B28-B29)/TIME(8,0,0) -> 1 | D29: بن عبد الله المولدي | E29: 32 | F29: السلك | H29: =(G28-G29)/TIME(1,0,0) -> 0
A30: 46124 | B30: 0.66666667 | D30: بلهادف عبد الرحمن | E30: 35 | F30: السلك | H30: =(G29-G30)/TIME(1,0,0) -> 0
A31: 46124 | B31: 0.33333333 | C31: =(B30-B31)/TIME(8,0,0) -> 1 | D31: بلهادف عبد الرحمن | E31: 35 | F31: السلك | H31: =(G30-G31)/TIME(1,0,0) -> 0
A32: 46124 | B32: 0.66666667 | D32: شريف احمد | E32: 36 | F32: الكاليبراج | H32: =(G31-G32)/TIME(1,0,0) -> 0
A33: 46124 | B33: 0.33333333 | C33: =(B32-B33)/TIME(8,0,0) -> 1 | D33: شريف احمد | E33: 36 | F33: الكاليبراج | H33: =(G32-G33)/TIME(1,0,0) -> 0
A34: 46124 | B34: 0.66666667 | D34: معوش الصادق | E34: 39 | F34: الدهن | H34: =(G33-G34)/TIME(1,0,0) -> 0
A35: 46124 | B35: 0.33333333 | C35: =(B34-B35)/TIME(8,0,0) -> 1 | D35: معوش الصادق | E35: 39 | F35: الدهن | H35: =(G34-G35)/TIME(1,0,0) -> 0
A36: 46124 | B36: 0.66666667 | D36: تجيني نور الدين | E36: 40 | F36: الدهن | H36: =(G35-G36)/TIME(1,0,0) -> 0
A37: 46124 | B37: 0.33333333 | C37: =(B36-B37)/TIME(8,0,0) -> 1 | D37: تجيني نور الدين | E37: 40 | F37: الدهن | H37: =(G36-G37)/TIME(1,0,0) -> 0
A38: 46124 | B38: 0.66666667 | D38: احميد نعيم | E38: 43 | F38: الكرطون | H38: =(G37-G38)/TIME(1,0,0) -> 0
A39: 46124 | B39: 0.33333333 | C39: =(B38-B39)/TIME(8,0,0) -> 1 | D39: احميد نعيم | E39: 43 | F39: الكرطون | H39: =(G38-G39)/TIME(1,0,0) -> 0
A40: 46124 | B40: 0.66666667 | D40: غريسي ايوب | E40: 44 | F40: الشبكة | H40: =(G39-G40)/TIME(1,0,0) -> 0
A41: 46124 | B41: 0.33333333 | C41: =(B40-B41)/TIME(8,0,0) -> 1 | D41: غريسي ايوب | E41: 44 | F41: الشبكة | H41: =(G40-G41)/TIME(1,0,0) -> 0
A42: 46124 | B42: 0.66666667 | D42: كبسة عائشة | E42: 46 | F42: التركيب | H42: =(G41-G42)/TIME(1,0,0) -> 0
A43: 46124 | B43: 0.33333333 | C43: =(B42-B43)/TIME(8,0,0) -> 1 | D43: كبسة عائشة | E43: 46 | F43: التركيب | H43: =(G42-G43)/TIME(1,0,0) -> 0
A44: 46124 | B44: 0.66666667 | D44: تريكي مسعود | E44: 47 | F44: سائق | H44: =(G43-G44)/TIME(1,0,0) -> 0
A45: 46124 | B45: 0.33333333 | C45: =(B44-B45)/TIME(8,0,0) -> 1 | D45: تريكي مسعود | E45: 47 | F45: سائق | H45: =(G44-G45)/TIME(1,0,0) -> 0
A46: 46124 | B46: 0.66666667 | D46: عياشي محمد | E46: 48 | F46: التركيب | H46: =(G45-G46)/TIME(1,0,0) -> 0
A47: 46124 | B47: 0.33333333 | C47: =(B46-B47)/TIME(8,0,0) -> 1 | D47: عياشي محمد | E47: 48 | F47: التركيب | H47: =(G46-G47)/TIME(1,0,0) -> 0
A48: 46124 | B48: 0.66666667 | D48: طويل عبد الغني | E48: 49 | F48: ص. كهرباء | H48: =(G47-G48)/TIME(1,0,0) -> 0
A49: 46124 | B49: 0.33333333 | C49: =(B48-B49)/TIME(8,0,0) -> 1 | D49: طويل عبد الغني | E49: 49 | F49: ص. كهرباء | H49: =(G48-G49)/TIME(1,0,0) -> 0
A50: 46124 | B50: 0.38055556 | D50: عيساوي حمزة | E50: 52 | F50: البراغي | H50: =(G49-G50)/TIME(1,0,0) -> 0
A51: 46124 | B51: 0.33333333 | C51: 0.14 | D51: عيساوي حمزة | E51: 52 | F51: البراغي | H51: =(G50-G51)/TIME(1,0,0) -> 0
A52: 46124 | B52: 0.98958333 | D52: فليون عبد القادر | E52: 53 | F52: الشبكة صباحا | H52: =(G51-G52)/TIME(1,0,0) -> 0
A53: 46124 | B53: 0.65625 | C53: =(B52-B53)/TIME(8,0,0) -> 1 | D53: فليون عبد القادر | E53: 53 | F53: الشبكة صباحا | H53: =(G52-G53)/TIME(1,0,0) -> 0
A54: 46124 | B54: 0.66666667 | D54: طواهرية الياس | E54: 54 | F54: المخزن 2 | H54: =(G53-G54)/TIME(1,0,0) -> 0
A55: 46124 | B55: 0.33333333 | C55: =(B54-B55)/TIME(8,0,0) -> 1 | D55: طواهرية الياس | E55: 54 | F55: المخزن 2 | H55: =(G54-G55)/TIME(1,0,0) -> 0
A56: 46124 | B56: 0.66666667 | D56: شلبي يوسف | E56: 57 | F56: الرفش | H56: =(G55-G56)/TIME(1,0,0) -> 0
A57: 46124 | B57: 0.33333333 | C57: =(B56-B57)/TIME(8,0,0) -> 1 | D57: شلبي يوسف | E57: 57 | F57: الرفش | H57: =(G56-G57)/TIME(1,0,0) -> 0
A58: 46124 | B58: 0.66666667 | D58: بشيري علي | E58: 58 | F58: المخزن 2 | H58: =(G57-G58)/TIME(1,0,0) -> 0
A59: 46124 | B59: 0.33333333 | C59: =(B58-B59)/TIME(8,0,0) -> 1 | D59: بشيري علي | E59: 58 | F59: المخزن 2 | H59: =(G58-G59)/TIME(1,0,0) -> 0
A60: 46124 | B60: 0.66666667 | D60: تجيني عنتر | E60: 59 | F60: المخزن | G60: 0.90347222 | H60: =(G59-G60)/TIME(1,0,0) -> -21.683333
A61: 46124 | B61: 0.34444444 | C61: 0.96 | D61: تجيني عنتر | E61: 59 | F61: المخزن | G61: 0.66666667 | H61: =(G60-G61)/TIME(1,0,0) -> 5.6833333
A62: 46124 | B62: 0.66666667 | D62: عطية سعد | E62: 60 | H62: =(G61-G62)/TIME(1,0,0) -> 16
A63: 46124 | B63: 0.33333333 | C63: =(B62-B63)/TIME(8,0,0) -> 1 | D63: عطية سعد | E63: 60 | H63: =(G62-G63)/TIME(1,0,0) -> 0
A64: 46124 | B64: 0.66666667 | D64: جاب الله الحاج علي | E64: 61 | F64: المخزن2 | H64: =(G63-G64)/TIME(1,0,0) -> 0
A65: 46124 | B65: 0.33333333 | C65: =(B64-B65)/TIME(8,0,0) -> 1 | D65: جاب الله الحاج علي | E65: 61 | F65: المخزن2 | H65: =(G64-G65)/TIME(1,0,0) -> 0
A66: 46124 | B66: 0.66666667 | D66: بكوش سعد | E66: 62 | F66: الكرطون | H66: =(G65-G66)/TIME(1,0,0) -> 0
A67: 46124 | B67: 0.33333333 | C67: =(B66-B67)/TIME(8,0,0) -> 1 | D67: بكوش سعد | E67: 62 | F67: الكرطون | H67: =(G66-G67)/TIME(1,0,0) -> 0
A68: 46124 | B68: 0.66666667 | D68: ممادي بشير | E68: 63 | F68: سائق | H68: =(G67-G68)/TIME(1,0,0) -> 0
A69: 46124 | B69: 0.33333333 | C69: =(B68-B69)/TIME(8,0,0) -> 1 | D69: ممادي بشير | E69: 63 | F69: سائق | H69: =(G68-G69)/TIME(1,0,0) -> 0
A70: 46124 | B70: 0.66666667 | D70: مدخل نعيمة | E70: 64 | F70: التركيب 1 | H70: =(G69-G70)/TIME(1,0,0) -> 0
A71: 46124 | B71: 0.33333333 | C71: =(B70-B71)/TIME(8,0,0) -> 1 | D71: مدخل نعيمة | E71: 64 | F71: التركيب 1 | H71: =(G70-G71)/TIME(1,0,0) -> 0
A72: 46124 | B72: 0.66666667 | D72: سعداني احمد | E72: 65 | F72: الكرطون | H72: =(G71-G72)/TIME(1,0,0) -> 0
A73: 46124 | B73: 0.33333333 | C73: =(B72-B73)/TIME(8,0,0) -> 1 | D73: سعداني احمد | E73: 65 | F73: الكرطون | H73: =(G72-G73)/TIME(1,0,0) -> 0
A74: 46124 | B74: 0.66666667 | D74: قدور عبد الباسط | E74: 67 | F74: البراغي | G74: 0.9 | H74: =(G73-G74)/TIME(1,0,0) -> -21.6
A75: 46124 | B75: 0.33333333 | C75: =(B74-B75)/TIME(8,0,0) -> 1 | D75: قدور عبد الباسط | E75: 67 | F75: البراغي | G75: 0.66666667 | H75: =(G74-G75)/TIME(1,0,0) -> 5.6
A76: 46124 | B76: 0.69444444 | D76: سبوعي علي شوقي | E76: 70 | F76: سائق | G76: 0.93125 | H76: =(G75-G76)/TIME(1,0,0) -> -6.35
A77: 46124 | B77: 0.36111111 | C77: =(B76-B77)/TIME(8,0,0) -> 1 | D77: سبوعي علي شوقي | E77: 70 | F77: سائق | G77: 0.69444444 | H77: =(G76-G77)/TIME(1,0,0) -> 5.6833333
A78: 46124 | B78: 0.98958333 | D78: عبيدي اسامة | E78: 71 | F78: الكرطون | H78: =(G77-G78)/TIME(1,0,0) -> 16.666667
A79: 46124 | B79: 0.65625 | C79: =(B78-B79)/TIME(8,0,0) -> 1 | D79: عبيدي اسامة | E79: 71 | F79: الكرطون | H79: =(G78-G79)/TIME(1,0,0) -> 0
A80: 46124 | B80: 0.66666667 | D80: بن يامة ابراهيم | E80: 72 | F80: الكرطون | H80: =(G79-G80)/TIME(1,0,0) -> 0
A81: 46124 | B81: 0.33333333 | C81: =(B80-B81)/TIME(8,0,0) -> 1 | D81: بن يامة ابراهيم | E81: 72 | F81: الكرطون | H81: =(G80-G81)/TIME(1,0,0) -> 0
A82: 46124 | B82: 0.66666667 | D82: حريز بكار المهدي | E82: 73 | F82: المخزن | H82: =(G81-G82)/TIME(1,0,0) -> 0
A83: 46124 | B83: 0.33333333 | C83: =(B82-B83)/TIME(8,0,0) -> 1 | D83: حريز بكار المهدي | E83: 73 | F83: المخزن | H83: =(G82-G83)/TIME(1,0,0) -> 0
A84: 46124 | B84: 0.66666667 | D84: حشيفة محمد | E84: 74 | F84: البراغي | H84: =(G83-G84)/TIME(1,0,0) -> 0
A85: 46124 | B85: 0.33333333 | C85: =(B84-B85)/TIME(8,0,0) -> 1 | D85: حشيفة محمد | E85: 74 | F85: البراغي | H85: =(G84-G85)/TIME(1,0,0) -> 0
A86: 46124 | B86: 0.66666667 | D86: عتيق محمد | E86: 75 | F86: ع. مهني | H86: =(G85-G86)/TIME(1,0,0) -> 0
A87: 46124 | B87: 0.33333333 | C87: =(B86-B87)/TIME(8,0,0) -> 1 | D87: عتيق محمد | E87: 75 | F87: ع. مهني | H87: =(G86-G87)/TIME(1,0,0) -> 0
A88: 46124 | B88: 0.66666667 | D88: عاد احمد | E88: 76 | F88: المخزن2 | H88: =(G87-G88)/TIME(1,0,0) -> 0
A89: 46124 | B89: 0.33333333 | C89: =(B88-B89)/TIME(8,0,0) -> 1 | D89: عاد احمد | E89: 76 | F89: المخزن2 | H89: =(G88-G89)/TIME(1,0,0) -> 0
A90: 46124 | B90: 0.66666667 | D90: موم مسعودة | E90: 79 | F90: الكرطون | H90: =(G89-G90)/TIME(1,0,0) -> 0
A91: 46124 | B91: 0.33333333 | C91: =(B90-B91)/TIME(8,0,0) -> 1 | D91: موم مسعودة | E91: 79 | F91: الكرطون | H91: =(G90-G91)/TIME(1,0,0) -> 0
A92: 46124 | B92: 0.66666667 | D92: موم حليمة | E92: 81 | F92: التركيب | H92: =(G91-G92)/TIME(1,0,0) -> 0
A93: 46124 | B93: 0.33333333 | C93: =(B92-B93)/TIME(8,0,0) -> 1 | D93: موم حليمة | E93: 81 | F93: التركيب | H93: =(G92-G93)/TIME(1,0,0) -> 0
A94: 46124 | B94: 0.66666667 | D94: وصيف تواتي وجدان | E94: 83 | F94: التركيب | H94: =(G93-G94)/TIME(1,0,0) -> 0
A95: 46124 | B95: 0.33333333 | C95: =(B94-B95)/TIME(8,0,0) -> 1 | D95: وصيف تواتي وجدان | E95: 83 | F95: التركيب | H95: =(G94-G95)/TIME(1,0,0) -> 0
A96: 46124 | B96: 0.66666667 | D96: عتير السعيد | E96: 86 | F96: فيس ال | H96: =(G95-G96)/TIME(1,0,0) -> 0
A97: 46124 | B97: 0.33333333 | C97: =(B96-B97)/TIME(8,0,0) -> 1 | D97: عتير السعيد | E97: 86 | F97: فيس ال | H97: =(G96-G97)/TIME(1,0,0) -> 0
A98: 46124 | B98: 0.66666667 | D98: بالي عبد الرزاق | E98: 87 | F98: الفيلتاش | H98: =(G97-G98)/TIME(1,0,0) -> 0
A99: 46124 | B99: 0.33333333 | C99: =(B98-B99)/TIME(8,0,0) -> 1 | D99: بالي عبد الرزاق | E99: 87 | F99: الفيلتاش | H99: =(G98-G99)/TIME(1,0,0) -> 0
A100: 46124 | B100: 0.66666667 | D100: العابد عبد الوهاب | E100: 88 | F100: الرفش | H100: =(G99-G100)/TIME(1,0,0) -> 0
...

Sheet Employees
A1: رقم الموظف | B1: اسم الشركة | C1: اسم العامل بالفرنسية | D1: اسم العامل بالعربية
A2: 01 | D2: بوقطاية عزالدين | E2: 1 | F2: 1 | G2: 1 | H2: 1
A3: 02 | D3: مدلل طارق | E3: 1 | F3: 1 | G3: 1 | H3: 1
A4: 04 | B4: allal | C4: Mesai mohammed bachir | D4: مسعي محمد البشير | E4: 1 | F4: 1 | G4: 1 | H4: 1
A5: 06 | B5: allal | C5: Boughettaya Mohamed Anouar | D5: بوقطاية محمد انور | E5: 1 | F5: 1 | G5: 1 | H5: 1
A6: 7 | D6: دهيمي عمار | E6: 1 | F6: 1 | G6: 1 | H6: 0
A7: 8 | B7: allal | C7: Ahmid Rateb | D7: احميد راتب | E7: 1 | F7: 1 | G7: 1 | H7: 1
A8: 10 | D8: شبرو عبد الرحمن | E8: 1 | F8: 1 | G8: 1 | H8: 1
A9: 11 | D9: خليل عبد الحميد | E9: 1 | F9: 1 | G9: 1 | H9: 1
A10: 12 | B10: tpl | C10: Lagoubi Ramzi | D10: العقوبي رمزي | E10: 1 | F10: 1 | G10: 1 | H10: 1
A11: 13 | B11: tpl | C11: Gaboussa Ali | D11: قابوسة علي | E11: 1 | F11: 1 | G11: 1 | H11: 1
A12: 15 | D12: حابي اميرة | E12: 1 | F12: 1 | G12: 1 | H12: 1
A13: 109 | B13: allal | C13: Hammani Mohamed Larouci | D13: حماني محمد العروسي | E13: 0 | F13: 1 | G13: 1 | H13: 0.75
A15: 37 | B15: tpl | C15: Dehimi Mokhtar | D15: دهيمي مختار | E15: 0 | F15: 0 | G15: 0 | H15: 0
A16: 319 | B16: tpl | C16: Debbar Lakhdar | D16: دبار لخضر | E16: 0.72 | F16: 0.78 | G16: 0.35 | H16: 1
A17: 368 | B17: tpl | C17: Dehimi Abdelhafedh | D17: دهيمي عبد الحافظ | E17: 0 | F17: 0 | G17: 0.7 | H17: 0
A18: 380 | B18: allal | C18: Zerbit Mohammed Tahar | D18: زربيط محمد الطاهر | E18: 0.4 | F18: 1 | G18: 0 | H18: 0
A20: 55 | B20: allal | C20: Bouta Soundes | D20: بوته سندس | E20: 1 | F20: 1 | G20: 1 | H20: 1
A21: 94 | B21: allal | C21: Zane Dalal | D21: زان دلال | E21: 1 | F21: 1 | G21: 1 | H21: 1
A23: 266 | B23: tpl | C23: Zouari Ahmed Meriem | D23: زواري احمد مريم | E23: 1 | F23: 1 | G23: 1 | H23: 1
A24: 270 | B24: tpl | C24: Moussaoui Djihad | D24: موساوي جهاد | E24: 1 | F24: 1 | G24: 1 | H24: 1
A25: 286 | B25: allal | C25: Kaddouri Mebarka | D25: قدوري مباركة | E25: 1 | F25: 1 | G25: 1 | H25: 1
A26: 300 | B26: allal | C26: Aroua Fatiha | D26: عروة فتيحة | E26: 1 | F26: 1 | G26: 1 | H26: 1
A28: 38 | B28: tpl | C28: Tedjani Mohammed Tahar | D28: تجاني محمد الطاهر | E28: 1.5 | F28: 1.5 | G28: 1.5 | H28: 1.5
A29: 68 | B29: allal | C29: Saied Sad | D29: سعيد سعد
A30: 69 | B30: tpl | C30: Chikha Mabrouk Khemeis | D30: شيخة مبروك اخميستي | E30: 1.5 | F30: 1.5 | G30: 1.5 | H30: 1.5
A31: 167 | B31: allal | C31: Lebbihi Saad | D31: لبيهي ساعد | E31: 1 | F31: 1 | G31: 1 | H31: 1
A33: 43 | B33: tpl | C33: Ahmid Naim | D33: احميد نعيم | E33: 1 | F33: 1 | G33: 1 | H33: 1
A35: 59 | B35: for | C35: Tedjini Anter | D35: تجيني عنتر | E35: 0.26875 | F35: 0.85 | G35: 1 | H35: 0.87
A36: 82 | B36: innotech | C36: Hebieb Zohra | D36: حبيب الزهرة | E36: 1 | F36: 1 | G36: 1 | H36: 1
A37: 115 | B37: tpl | C37: Mesai Mohammed Brahim | D37: مسعي محمد ابراهيم | E37: 1 | F37: 1 | G37: 1 | H37: 1
A38: 197 | B38: tpl | C38: Mesai Mohamme Ali | D38: مسعي محمد علي 2 | E38: 1 | F38: 1 | G38: 1 | H38: 1
A39: 212 | B39: tpl | C39: Cherifi Hacene | D39: شريفي حسن | E39: 1 | F39: 1 | G39: 1 | H39: 1
A40: 430 | B40: tpl | C40: Acila Brahim | D40: عسيلة ابراهيم | E40: 0 | F40: 0 | G40: 0 | H40: 0
A42: 47 | B42: tpl | C42: Triki Messaoud | D42: تريكي مسعود | E42: 1 | F42: 1 | G42: 1 | H42: 1
A43: 63 | B43: kantal | C43: Mammadi Bachir | D43: ممادي بشير | E43: 0 | F43: 0 | G43: 0 | H43: 0
A44: 70 | D44: سبوعي علي شوقي | E44: 1 | F44: 1 | G44: 1 | H44: 1
A45: 244 | B45: allal | C45: Zennache Lounis | D45: زناش لونيس | E45: 1 | F45: 1 | G45: 1 | H45: 1
A46: 283 | D46: بن قانة محمد | E46: 1 | F46: 1 | G46: 1 | H46: 1
A47: 320 | D47: بن عبد الله عيسى | E47: 1 | F47: 1 | G47: 1 | H47: 1
D48: بن قانة محمد 2 | E48: 1 | F48: 1 | G48: 1 | H48: 1
D49: نيد تومي
A51: 227 | C51: Debche Ammar | D51: دبش عمار | E51: 0 | F51: 1 | G51: 1 | H51: 0
A52: 307 | B52: allal | C52: Khellout Tarek | D52: خلوط طارق | E52: 1 | F52: 1 | G52: 1 | H52: 1
A54: 30 | B54: tpl | C54: Djaballah larbi | D54: جاب الله العربي | E54: 1 | F54: 1 | G54: 1 | H54: 1
A55: 48 | B55: innotech | C55: Ayachi Mouhamed | D55: عياشي محمد | E55: 1 | F55: 1 | G55: 1 | H55: 1
A56: 54 | B56: allal | C56: Touahria ilies | D56: طواهرية الياس | E56: 1 | F56: 1 | G56: 1 | H56: 1
A57: 58 | B57: allal | C57: Bechiri Ali | D57: بشيري علي | E57: 1 | F57: 1 | G57: 0.96 | H57: 1
A58: 61 | D58: جاب الله الحاج علي | E58: 0 | F58: 1 | G58: 1 | H58: 0.46
A59: 76 | D59: عاد أحمد | E59: 1 | F59: 1 | G59: 0.89 | H59: 1
A60: 93 | B60: allal | C60: Tanneche tahar | D60: طنش الطاهر | E60: 1 | F60: 1 | G60: 1 | H60: 1
A61: 102 | B61: tpl | C61: Said Mohammed Larbi | D61: سنوان بيه
A62: 162 | B62: tpl | C62: Boutera Ahmed | D62: سعيد محمد العربي | E62: 1 | F62: 1 | G62: 1 | H62: 0
A63: 165 | B63: allal | C63: Grira Abdelaziz | D63: بوترعة أحمد | E63: 1 | F63: 1 | G63: 1 | H63: 1
A64: 166 | B64: allal | C64: Yahi Said | D64: قريرة عبد العزيز
A65: 180 | B65: allal | C65: Homci Messaoud | D65: ياحي السعيد | E65: 1 | F65: 1 | G65: 0 | H65: 0
A66: 192 | B66: tpl | C66: Homci Hicham | D66: حمصي مسعود | E66: 1 | F66: 1 | G66: 1 | H66: 1
A67: 206 | B67: allal | C67: Attia Salah | D67: حمصي هشام | E67: 1 | F67: 1 | G67: 1 | H67: 1
A68: 211 | B68: tpl | C68: Hamdi Aymen | D68: حمدي ايمن | E68: 1 | F68: 1 | G68: 1 | H68: 1
A69: 218 | B69: tpl | C69: Ben aoun oussama | D69: بن عون أسامة | E69: 1 | F69: 0 | G69: 1 | H69: 1
A70: 223 | B70: tpl | C70: Guediri Abd Errahmane | D70: غالية الياس | E70: 1 | F70: 1 | G70: 1 | H70: 1
A71: 231 | B71: tpl | C71: Ghalia ilias | D71: حوري صالح | E71: 1 | F71: 1 | G71: 1 | H71: 1
A72: 235 | D72: زاير البشير | E72: 0 | F72: 0 | G72: 0 | H72: 1
A73: 250 | B73: allal | C73: Zair Bachir | D73: بهى محسن | E73: 1 | F73: 1 | G73: 1 | H73: 1
A74: 289 | D74: حمتين السعيد | E74: 1 | F74: 0 | G74: 1 | H74: 1
A75: 324 | B75: tpl | C75: Hamtine Said | D75: طالبي يوسف | E75: 1 | F75: 1 | G75: 1 | H75: 1
A76: 329 | B76: tpl | C76: Talbi youcef | D76: دودو نبيل | E76: 1 | F76: 1 | G76: 1 | H76: 1
A77: 338 | D77: عطية صالح | E77: 1 | F77: 1 | G77: 1 | H77: 1
A78: 358 | B78: tpl | C78: Mehayech Miloud | D78: مهيش ميلود | E78: 1 | F78: 1 | G78: 1 | H78: 1
A79: 371 | B79: allal | C79: Telhig Said | D79: تلحيق السعيد | E79: 1 | F79: 0 | G79: 1 | H79: 1
A80: 388 | D80: يومبعي وائل | E80: 1 | F80: 1 | G80: 1 | H80: 1
A81: 409 | D81: تجاني البشير | E81: 1 | F81: 1 | G81: 1 | H81: 1
A82: 411 | D82: يومبعي محمد العيد | E82: 1 | F82: 1 | G82: 1 | H82: 1
A83: 433 | D83: تجاني محمد الهادي | E83: 1 | F83: 1 | G83: 0 | H83: 1
A84: 440 | B84: allal | C84: Tedjani Mohammed Bachir | D84: تجاني محمد البشير | E84: 1 | F84: 1 | G84: 1 | H84: 1
A86: التركيب 01
A87: 25 | D87: شيخة يمينة | E87: 0 | F87: 0 | G87: 0 | H87: 1
A88: 27 | B88: innotech | C88: Kebsa Aicha | D88: مدخل هدى | E88: 1 | F88: 1 | G88: 1 | H88: 1
A89: 46 | D89: كبسة عائشة | E89: 1 | F89: 1 | G89: 1 | H89: 1
A90: 64 | D90: مدخل نعيمة | E90: 1 | F90: 1 | G90: 1 | H90: 1
A91: 79 | B91: Innotech | C91: Moume Messaouda | D91: موم مسعودة | E91: 1 | F91: 1 | G91: 1 | H91: 1
A92: 81 | B92: tpl | C92: Moume Halima | D92: موم حليمة | E92: 1 | F92: 1 | G92: 1 | H92: 1
A93: 83 | D93: وصيف تواتي وجدان | E93: 0 | F93: 0 | G93: 0 | H93: 0
A94: 110 | D94: مداوي ابتسام | E94: 0 | F94: 1 | G94: 1 | H94: 1
A95: 121 | B95: Innotech | C95: Biki Ouarda | D95: بيكي وردة | E95: 1 | F95: 1 | G95: 1 | H95: 1
A96: 122 | B96: tpl | C96: Abidi Saad Nacira | D96: عبيدي سعد نصيرة | E96: 1 | F96: 1 | G96: 1 | H96: 1
A97: 124 | B97: allal | C97: Belal Aicha | D97: بلال عائشة | E97: 1 | F97: 1 | G97: 1 | H97: 1
A98: 126 | B98: tpl | C98: Medaoui Djemaa | D98: مداوي جمعة | E98: 1 | F98: 1 | G98: 1 | H98: 1
A99: 130 | D99: ربوح سامية | E99: 1 | F99: 1 | G99: 1 | H99: 1
A100: 132 | D100: عطر آمنة | E100: 0 | F100: 0 | G100: 0 | H100: 0
A101: 138 | D101: حتيري سليمة | E101: 1 | F101: 1 | G101: 1 | H101: 1
A102: 169 | B102: allal | C102: ZIDI RACHID | D102: زيدي رشيد | E102: 1 | F102: 1 | G102: 1 | H102: 1
A103: 171 | B103: tpl | C103: Talbi Mohammed Sadek | D103: طالبي محمد الصادق | E103: 1 | F103: 1 | G103: 1 | H103: 1
A104: 182 | B104: tpl | C104: Aissaoui Ahmed Boukhari | D104: عيساوي أحمد البخاري | E104: 1 | F104: 1 | G104: 1 | H104: 1
A105: 184 | D105: واده ربح | E105: 1 | F105: 1 | G105: 1 | H105: 0
A106: 188 | D106: عروة سمراء | E106: 1 | F106: 1 | G106: 1 | H106: 1
A107: 190 | B107: allal | C107: Reguiegue Ines | D107: رقيق ايناس | E107: 1 | F107: 1 | G107: 1 | H107: 1
A108: 198 | D108: واده مريم | E108: 1 | F108: 1 | G108: 1 | H108: 1
A109: 247 | B109: allal | C109: Djerou Zohra | D109: جرو الزهرة | E109: 1 | F109: 1 | G109: 1 | H109: 1
A110: 261 | D110: سمينة جمعة | E110: 1 | F110: 1 | G110: 1 | H110: 1
...

Sheet التسبيقات
B1: مجمع تجاني الصناعي تسبيقات شهرمارس 2026
B3: الادارة
D4: EX | E4: المبلغ 1 | F4: المبلغ 2 | G4: التوقيع
B5: الرقم | C5: الاسم واللقب
B6: =Employees!A2 -> 01 | C6: =Employees!D2 -> بوقطاية عزالدين | D6: =Employees!#REF! -> #REF!
B7: =Employees!A3 -> 02 | C7: =Employees!D3 -> مدلل طارق | D7: =Employees!#REF! -> #REF!
B8: =Employees!A4 -> 04 | C8: =Employees!D4 -> مسعي محمد البشير | D8: =Employees!#REF! -> #REF!
B9: =Employees!A5 -> 06 | C9: =Employees!D5 -> بوقطاية محمد انور | D9: =Employees!#REF! -> #REF!
B10: =Employees!A6 -> 7 | C10: =Employees!D6 -> دهيمي عمار | D10: =Employees!#REF! -> #REF!
B11: =Employees!A7 -> 8 | C11: =Employees!D7 -> احميد راتب | D11: =Employees!#REF! -> #REF!
B12: =Employees!A8 -> 10 | C12: =Employees!D8 -> شبرو عبد الرحمن | D12: =Employees!#REF! -> #REF!
B13: =Employees!A9 -> 11 | C13: =Employees!D9 -> خليل عبد الحميد | D13: =Employees!#REF! -> #REF!
B14: =Employees!A10 -> 12 | C14: =Employees!D10 -> العقوبي رمزي | D14: =Employees!#REF! -> #REF!
B15: =Employees!A11 -> 13 | C15: =Employees!D11 -> قابوسة علي | D15: =Employees!#REF! -> #REF!
B16: =Employees!A12 -> 15 | C16: =Employees!D12 -> حابي اميرة | D16: =Employees!#REF! -> #REF!
B17: =Employees!A13 -> 109 | C17: =Employees!D13 -> حماني محمد العروسي | D17: =Employees!#REF! -> #REF!
B18: ع,مراقبة
D19: EX | E19: المبلغ 1 | F19: المبلغ 2 | G19: التوقيع
B20: الرقم | C20: الاسم واللقب
B21: =Employees!A15 -> 37 | C21: =Employees!D15 -> دهيمي مختار | D21: =Employees!#REF! -> #REF!
B22: =Employees!A16 -> 319 | C22: =Employees!D16 -> دبار لخضر | D22: =Employees!#REF! -> #REF!
B23: =Employees!A17 -> 368 | C23: =Employees!D17 -> دهيمي عبد الحافظ | D23: =Employees!#REF! -> #REF!
B24: =Employees!A18 -> 380 | C24: =Employees!D18 -> زربيط محمد الطاهر | D24: =Employees!#REF! -> #REF!
B25: المخبر
D26: EX | E26: المبلغ 1 | F26: المبلغ 2 | G26: التوقيع
B27: الرقم | C27: الاسم واللقب
B28: =Employees!A20 -> 55 | C28: =Employees!D20 -> بوته سندس | D28: =Employees!#REF! -> #REF!
B29: =Employees!A21 -> 94 | C29: =Employees!D21 -> زان دلال | D29: =Employees!#REF! -> #REF!
B30: المطبخ
D31: EX | E31: المبلغ 1 | F31: المبلغ 2 | G31: التوقيع
B32: الرقم | C32: الاسم واللقب
B33: =Employees!A23 -> 266 | C33: =Employees!D23 -> زواري احمد مريم | D33: =Employees!#REF! -> #REF!
B34: =Employees!A24 -> 270 | C34: =Employees!D24 -> موساوي جهاد | D34: =Employees!#REF! -> #REF!
B35: =Employees!A25 -> 286 | C35: =Employees!D25 -> قدوري مباركة | D35: =Employees!#REF! -> #REF!
B36: =Employees!A26 -> 300 | C36: =Employees!D26 -> عروة فتيحة | D36: =Employees!#REF! -> #REF!
B37: الحراس
D38: EX | E38: المبلغ 1 | F38: المبلغ 2 | G38: التوقيع
B39: الرقم | C39: الاسم واللقب
B40: =Employees!A28 -> 38 | C40: =Employees!D28 -> تجاني محمد الطاهر | D40: =Employees!#REF! -> #REF!
B41: =Employees!A29 -> 68 | C41: =Employees!D29 -> سعيد سعد | D41: =Employees!#REF! -> #REF!
B42: =Employees!A30 -> 69 | C42: =Employees!D30 -> شيخة مبروك اخميستي | D42: =Employees!#REF! -> #REF!
B43: =Employees!A31 -> 167 | C43: =Employees!D31 -> لبيهي ساعد | D43: =Employees!#REF! -> #REF!
B44: التصميم
D45: EX | E45: المبلغ 1 | F45: المبلغ 2 | G45: التوقيع
B46: الرقم | C46: الاسم واللقب
B47: =Employees!A33 -> 43 | C47: =Employees!D33 -> احميد نعيم | D47: =Employees!#REF! -> #REF!
B48: المخزن الرئيسي
D49: EX | E49: المبلغ 1 | F49: المبلغ 2 | G49: التوقيع
B50: الرقم | C50: الاسم واللقب
B51: =Employees!A35 -> 59 | C51: =Employees!D35 -> تجيني عنتر | D51: =Employees!#REF! -> #REF!
B52: =Employees!A36 -> 82 | C52: =Employees!D36 -> حبيب الزهرة | D52: =Employees!#REF! -> #REF!
B53: =Employees!A37 -> 115 | C53: =Employees!D37 -> مسعي محمد ابراهيم | D53: =Employees!#REF! -> #REF!
B54: =Employees!A38 -> 197 | C54: =Employees!D38 -> مسعي محمد علي 2 | D54: =Employees!#REF! -> #REF!
B55: =Employees!A39 -> 212 | C55: =Employees!D39 -> شريفي حسن | D55: =Employees!#REF! -> #REF!
B56: =Employees!A40 -> 430 | C56: =Employees!D40 -> عسيلة ابراهيم | D56: =Employees!#REF! -> #REF!
B57: السائق
D58: EX | E58: المبلغ 1 | F58: المبلغ 2 | G58: التوقيع
B59: الرقم | C59: الاسم واللقب
B60: =Employees!A42 -> 47 | C60: =Employees!D42 -> تريكي مسعود | D60: =Employees!#REF! -> #REF!
B61: =Employees!A43 -> 63 | C61: =Employees!D43 -> ممادي بشير | D61: =Employees!#REF! -> #REF!
B62: =Employees!A44 -> 70 | C62: =Employees!D44 -> سبوعي علي شوقي | D62: =Employees!#REF! -> #REF!
B63: =Employees!A45 -> 244 | C63: =Employees!D45 -> زناش لونيس | D63: =Employees!#REF! -> #REF!
B64: =Employees!A46 -> 283 | C64: =Employees!D46 -> بن قانة محمد | D64: =Employees!#REF! -> #REF!
B65: =Employees!A47 -> 320 | C65: =Employees!D47 -> بن عبد الله عيسى | D65: =Employees!#REF! -> #REF!
B66: =Employees!A48 -> 0 | C66: =Employees!D48 -> بن قانة محمد 2 | D66: =Employees!#REF! -> #REF!
B67: =Employees!A49 -> 0 | C67: =Employees!D49 -> نيد تومي | D67: =Employees!#REF! -> #REF!
B68: الميكانيك
D69: EX | E69: المبلغ 1 | F69: المبلغ 2 | G69: التوقيع
B70: الرقم | C70: الاسم واللقب
B71: =Employees!A51 -> 227 | C71: =Employees!D51 -> دبش عمار | D71: =Employees!#REF! -> #REF!
B72: =Employees!A52 -> 307 | C72: =Employees!D52 -> خلوط طارق | D72: =Employees!#REF! -> #REF!
B73: المخزن 02
D74: EX | E74: المبلغ 1 | F74: المبلغ 2 | G74: التوقيع
B75: الرقم | C75: الاسم واللقب
B76: =Employees!A54 -> 30 | C76: =Employees!D54 -> جاب الله العربي | D76: =Employees!#REF! -> #REF!
B77: =Employees!A55 -> 48 | C77: =Employees!D55 -> عياشي محمد | D77: =Employees!#REF! -> #REF!
B78: =Employees!A56 -> 54 | C78: =Employees!D56 -> طواهرية الياس | D78: =Employees!#REF! -> #REF!
B79: =Employees!A57 -> 58 | C79: =Employees!D57 -> بشيري علي | D79: =Employees!#REF! -> #REF!
B80: =Employees!A58 -> 61 | C80: =Employees!D58 -> جاب الله الحاج علي | D80: =Employees!#REF! -> #REF!
B81: =Employees!A59 -> 76 | C81: =Employees!D59 -> عاد أحمد | D81: =Employees!#REF! -> #REF!
B82: =Employees!A60 -> 93 | C82: =Employees!D60 -> طنش الطاهر | D82: =Employees!#REF! -> #REF!
B83: =Employees!A61 -> 102 | C83: =Employees!D61 -> سنوان بيه | D83: =Employees!#REF! -> #REF!
B84: =Employees!A62 -> 162 | C84: =Employees!D62 -> سعيد محمد العربي | D84: =Employees!#REF! -> #REF!
B85: =Employees!A63 -> 165 | C85: =Employees!D63 -> بوترعة أحمد | D85: =Employees!#REF! -> #REF!
B86: =Employees!A64 -> 166 | C86: =Employees!D64 -> قريرة عبد العزيز | D86: =Employees!#REF! -> #REF!
B87: =Employees!A65 -> 180 | C87: =Employees!D65 -> ياحي السعيد | D87: =Employees!#REF! -> #REF!
... B107: =Employees!A85 -> 0 | C107: =Employees!D85 -> 0 | D107: =Employees!#REF! -> #REF!
B108: التركيب
D109: EX | E109: المبلغ 1 | F109: المبلغ 2 | G109: التوقيع
B110: الرقم | C110: الاسم واللقب
B111: =Employees!A87 -> 25 | C111: =Employees!D87 -> شيخة يمينة | D111: =Employees!#REF! -> #REF!
B112: =Employees!A88 -> 27 | C112: =Employees!D88 -> مدخل هدى | D112: =Employees!#REF! -> #REF!
B113: =Employees!A89 -> 46 | C113: =Employees!D89 -> كبسة عائشة | D113: =Employees!#REF! -> #REF!
B114: =Employees!A90 -> 64 | C114: =Employees!D90 -> مدخل نعيمة | D114: =Employees!#REF! -> #REF!
B115: =Employees!A91 -> 79 | C115: =Employees!D91 -> موم مسعودة | D115: =Employees!#REF! -> #REF!
B116: =Employees!A92 -> 81 | C116: =Employees!D92 -> موم حليمة | D116: =Employees!#REF! -> #REF!
B117: =Employees!A93 -> 83 | C117: =Employees!D93 -> وصيف تواتي وجدان | D117: =Employees!#REF! -> #REF!
B118: =Employees!A94 -> 110 | C118: =Employees!D94 -> مداوي ابتسام | D118: =Employees!#REF! -> #REF!
B119: =Employees!A95 -> 121 | C119: =Employees!D95 -> بيكي وردة | D119: =Employees!#REF! -> #REF!
B120: =Employees!A96 -> 122 | C120: =Employees!D96 -> عبيدي سعد نصيرة | D120: =Employees!#REF! -> #REF!
...

Sheet ALLAL
A1: N° | B1: Nom & Prénom | C1: EX

Sheet TPL
A1: N° | B1: Nom & Prénom | C1: EX

Sheet ورقة3
A1: POINTAGE MOIS Janvier 2026 SARL FOR
A2: N° | B2: Nom & Prénom | C2: EX
A7: POINTAGE MOIS Janvier 2026 SARL BTR
A8: N° | B8: Nom & Prénom | C8: EX
A13: POINTAGE MOIS Janvier 2026 SARL VIGEX
A14: N° | B14: Nom & Prénom | C14: EX
A19: POINTAGE MOIS Janvier 2026 SARL KANTAL
A20: N° | B20: Nom & Prénom | C20: EX
A24: POINTAGE MOIS Janvier 2026 SARL INNOTECH
A25: N° | B25: Nom & Prénom | C25: EX

Sheet ورقة1
A1: وقت | B1: الساعة | C1: الحضور | D1: الاسم الأول | E1: عدد الموظفين | F1: اسم الأخير
A2: 46082 | B2: 0.3125 | C2: =(B3-B2)/TIME(7,0,0) -> 1 | D2: احميد احمد التجاني | E2: 107 | F2: الكرطون
A3: 46082 | B3: 0.60416667 | D3: احميد احمد التجاني | E3: 107 | F3: الكرطون
A4: 46082 | B4: 0.3125 | C4: =(B5-B4)/TIME(7,0,0) -> 1 | D4: احميد راتب | E4: 8 | F4: الادارة
A5: 46082 | B5: 0.60416667 | D5: احميد راتب | E5: 8 | F5: الادارة
A6: 46082 | B6: 0.3125 | C6: =(B7-B6)/TIME(7,0,0) -> 1 | D6: احميد نعيم | E6: 43 | F6: الكرطون
A7: 46082 | B7: 0.60416667 | D7: احميد نعيم | E7: 43 | F7: الكرطون
A8: 46082 | B8: 0.20833333 | D8: احويج فارس | E8: 204 | F8: احويج فارس
A9: 46081 | B9: 0.91666667 | C9: =IF(B8<B9,B8+1-B9,B8-B9)/TIME(7,0,0) -> 1 | D9: احويج فارس | E9: 204 | F9: احويج فارس
A10: 46082 | B10: 0.3125 | C10: =(B11-B10)/TIME(7,0,0) -> 1 | D10: العابد عبد الوهاب | E10: 88 | F10: الرفش
A11: 46082 | B11: 0.60416667 | D11: العابد عبد الوهاب | E11: 88 | F11: الرفش
A12: 46082 | B12: 0.3125 | C12: =(B13-B12)/TIME(7,0,0) -> 1 | D12: العقوبي رمزي | E12: 12 | F12: الادارة
A13: 46082 | B13: 0.60416667 | D13: العقوبي رمزي | E13: 12 | F13: الادارة
A14: 46082 | B14: 0.3125 | C14: =(B15-B14)/TIME(7,0,0) -> 1 | D14: بالي عبد الرزاق | E14: 87 | F14: الفيلتاش
A15: 46082 | B15: 0.60416667 | D15: بالي عبد الرزاق | E15: 87 | F15: الفيلتاش
A16: 46082 | B16: 0.20833333 | D16: براهمي عمار | E16: 353 | F16: براهمي عمار
A17: 46081 | B17: 0.91666667 | C17: =IF(B16<B17,B16+1-B17,B16-B17)/TIME(7,0,0) -> 1 | D17: براهمي عمار | E17: 353 | F17: براهمي عمار
A18: 46082 | B18: 0.3125 | C18: =(B19-B18)/TIME(7,0,0) -> 1 | D18: برتيمة عبد الكريم | E18: 290 | F18: البراغي
A19: 46082 | B19: 0.60416667 | D19: برتيمة عبد الكريم | E19: 290 | F19: البراغي
A20: 46082 | B20: 0.3125 | C20: =(B21-B20)/TIME(7,0,0) -> 1 | D20: بركة مسعود | E20: 345 | F20: الزنقاج
A21: 46082 | B21: 0.60416667 | D21: بركة مسعود | E21: 345 | F21: الزنقاج
A22: 46082 | B22: 0.20833333 | D22: بزايدية امير | E22: 105 | F22: بزايدية امير
A23: 46081 | B23: 0.91666667 | C23: =IF(B22<B23,B22+1-B23,B22-B23)/TIME(7,0,0) -> 1 | D23: بزايدية امير | E23: 105 | F23: بزايدية امير
A24: 46082 | B24: 0.3125 | C24: =(B25-B24)/TIME(7,0,0) -> 1 | D24: بشيري علي | E24: 58 | F24: المخزن 2
A25: 46082 | B25: 0.60416667 | D25: بشيري علي | E25: 58 | F25: المخزن 2
A26: 46082 | B26: 0.3125 | C26: =(B27-B26)/TIME(7,0,0) -> 1 | D26: بكوش سعد | E26: 62 | F26: الكرطون
A27: 46082 | B27: 0.60416667 | D27: بكوش سعد | E27: 62 | F27: الكرطون
A28: 46082 | B28: 0.3125 | C28: =(B29-B28)/TIME(7,0,0) -> 1 | D28: بلال عائشة | E28: 124 | F28: التركيب
A29: 46082 | B29: 0.60416667 | D29: بلال عائشة | E29: 124 | F29: التركيب
A30: 46082 | B30: 0.3125 | C30: =(B31-B30)/TIME(7,0,0) -> 1 | D30: بلخضر ساعد | E30: 306 | F30: الشبكة
A31: 46082 | B31: 0.60416667 | D31: بلخضر ساعد | E31: 306 | F31: الشبكة
A32: 46082 | B32: 0.34375 | C32: 0.89 | D32: بله عماد الدين | E32: 402 | F32: التيج فلتي
A33: 46082 | B33: 0.60416667 | D33: بله عماد الدين | E33: 402 | F33: التيج فلتي
A34: 46082 | B34: 0.3125 | C34: =(B35-B34)/TIME(7,0,0) -> 1 | D34: بلهادف عبد الرحمن | E34: 35 | F34: السلك
A35: 46082 | B35: 0.60416667 | D35: بلهادف عبد الرحمن | E35: 35 | F35: السلك
A36: 46082 | B36: 0.20833333 | D36: بن احمد يونس | E36: 143 | F36: بن احمد يونس
A37: 46081 | B37: 0.91666667 | C37: =IF(B36<B37,B36+1-B37,B36-B37)/TIME(7,0,0) -> 1 | D37: بن احمد يونس | E37: 143 | F37: بن احمد يونس
A38: 46082 | B38: 0.3125 | C38: =(B39-B38)/TIME(7,0,0) -> 1 | D38: بن الشهبة عبد العزيز | E38: 275 | F38: الكاليبراج
A39: 46082 | B39: 0.60416667 | D39: بن الشهبة عبد العزيز | E39: 275 | F39: الكاليبراج
A40: 46082 | B40: 0.3125 | C40: =(B41-B40)/TIME(7,0,0) -> 1 | D40: بن بداري عبد الفتاح | E40: 310 | F40: السلسلة
A41: 46082 | B41: 0.60416667 | D41: بن بداري عبد الفتاح | E41: 310 | F41: السلسلة
A42: 46082 | B42: 0.3125 | C42: =(B43-B42)/TIME(7,0,0) -> 1 | D42: بن بردي مسعود | E42: 242 | F42: الدهن
A43: 46082 | B43: 0.60416667 | D43: بن بردي مسعود | E43: 242 | F43: الدهن
A44: 46082 | B44: 0.3125 | C44: =(B45-B44)/TIME(7,0,0) -> 1 | D44: بن حوى اسماعيل | E44: 98 | F44: صامولة
A45: 46082 | B45: 0.60416667 | D45: بن حوى اسماعيل | E45: 98 | F45: صامولة
A46: 46082 | B46: 0.3125 | C46: =(B47-B46)/TIME(7,0,0) -> 1 | D46: بن عبد الله المولدي | E46: 32 | F46: السلك
A47: 46082 | B47: 0.60416667 | D47: بن عبد الله المولدي | E47: 32 | F47: السلك
A48: 46082 | B48: 0.3125 | C48: =(B49-B48)/TIME(7,0,0) -> 1 | D48: بن عبد الله ايمن | E48: 328 | F48: الكرطون صباحا
A49: 46082 | B49: 0.60416667 | D49: بن عبد الله ايمن | E49: 328 | F49: الكرطون صباحا
A50: 46082 | B50: 0.3125 | C50: =(B51-B50)/TIME(7,0,0) -> 1 | D50: بن عبدالله حمزه | E50: 205
A51: 46082 | B51: 0.60416667 | D51: بن عبدالله حمزه | E51: 205
A52: 46082 | B52: 0.3125 | C52: =(B53-B52)/TIME(7,0,0) -> 1 | D52: بن علية شكري | E52: 133 | F52: الشبكة
A53: 46082 | B53: 0.60416667 | D53: بن علية شكري | E53: 133 | F53: الشبكة
A54: 46082 | B54: 0.3125 | C54: =(B55-B54)/TIME(7,0,0) -> 1 | D54: بن عمار احمد | E54: 389 | F54: النظافة
A55: 46082 | B55: 0.60416667 | D55: بن عمار احمد | E55: 389 | F55: النظافة
A56: 46082 | B56: 0.3125 | C56: =(B57-B56)/TIME(7,0,0) -> 1 | D56: بن عمارة خيرة | E56: 403 | F56: التركيب
A57: 46082 | B57: 0.60416667 | D57: بن عمارة خيرة | E57: 403 | F57: التركيب
A58: 46082 | B58: 0.3125 | C58: =(B59-B58)/TIME(7,0,0) -> 1 | D58: بن عمر عماد الدين | E58: 251 | F58: الدهن
A59: 46082 | B59: 0.60416667 | D59: بن عمر عماد الدين | E59: 251 | F59: الدهن
A60: 46082 | B60: 0.3125 | C60: =(B61-B60)/TIME(7,0,0) -> 1 | D60: بن عون اسامة | E60: 218
A61: 46082 | B61: 0.60416667 | D61: بن عون اسامة | E61: 218
A62: 46082 | B62: 0.20833333 | D62: بن عيشة محمد | E62: 142 | F62: بن عيشة محمد
A63: 46081 | B63: 0.91666667 | C63: =IF(B62<B63,B62+1-B63,B62-B63)/TIME(7,0,0) -> 1 | D63: بن عيشة محمد | E63: 142 | F63: بن عيشة محمد
A64: 46082 | B64: 0.3125 | D64: بن غالي العربي | E64: 336 | F64: السلك
A65: 46082 | B65: 0.3125 | C65: =(B66-B65)/TIME(7,0,0) -> 1 | D65: بن يامة ابراهيم | E65: 72 | F65: الكرطون
A66: 46082 | B66: 0.60416667 | D66: بن يامة ابراهيم | E66: 72 | F66: الكرطون
A67: 46082 | B67: 0.3125 | C67: =(B68-B67)/TIME(7,0,0) -> 1 | D67: بن يامة عبد العزيز | E67: 413 | F67: ع.نظافة
A68: 46082 | B68: 0.60416667 | D68: بن يامة عبد العزيز | E68: 413 | F68: ع.نظافة
A69: 46082 | B69: 0.3125 | C69: =(B70-B69)/TIME(7,0,0) -> 1 | D69: بهى خليفة | E69: 215 | F69: ع.نظافة
A70: 46082 | B70: 0.60416667 | D70: بهى خليفة | E70: 215 | F70: ع.نظافة
A71: 46082 | B71: 0.3125 | C71: =(B72-B71)/TIME(7,0,0) -> 1 | D71: بهى محسن | E71: 250 | F71: المخزن 2
A72: 46082 | B72: 0.60416667 | D72: بهى محسن | E72: 250 | F72: المخزن 2
A73: 46082 | B73: 0.3125 | C73: 1 | D73: بوته سندس | E73: 55 | F73: التركيب
A74: 46082 | B74: 0.3125 | C74: =(B75-B74)/TIME(7,0,0) -> 1 | D74: بوذينة عماد الدين | E74: 366 | F74: البراغي
A75: 46082 | B75: 0.60416667 | D75: بوذينة عماد الدين | E75: 366 | F75: البراغي
A76: 46082 | B76: 0.3125 | C76: =(B77-B76)/TIME(7,0,0) -> 1 | D76: بوضياف بوضياف | E76: 341 | F76: الرفش
A77: 46082 | B77: 0.60416667 | D77: بوضياف بوضياف | E77: 341 | F77: الرفش
A78: 46082 | B78: 0.3125 | C78: =(B79-B78)/TIME(7,0,0) -> 1 | D78: بوضياف صبري | E78: 330 | F78: الرفش
A79: 46082 | B79: 0.60416667 | D79: بوضياف صبري | E79: 330 | F79: الرفش
A80: 46082 | B80: 0.3125 | C80: =(B81-B80)/TIME(7,0,0) -> 1 | D80: بوغزالة محمد كريمة | E80: 361 | F80: التركيب
A81: 46082 | B81: 0.60416667 | D81: بوغزالة محمد كريمة | E81: 361 | F81: التركيب
A82: 46082 | B82: 0.31944444 | C82: 0.97 | D82: بوقطاية محمد السعيد | E82: 318 | F82: التركيب
A83: 46082 | B83: 0.60416667 | D83: بوقطاية محمد السعيد | E83: 318 | F83: التركيب
A84: 46082 | B84: 0.3125 | C84: =(B85-B84)/TIME(7,0,0) -> 1 | D84: بيكي محمد رضا | E84: 469
A85: 46082 | B85: 0.60416667 | D85: بيكي محمد رضا | E85: 469
A86: 46082 | B86: 0.3125 | C86: =(B87-B86)/TIME(7,0,0) -> 1 | D86: بيكي هيثم | E86: 378 | F86: الكرطون
A87: 46082 | B87: 0.60416667 | D87: بيكي هيثم | E87: 378 | F87: الكرطون
A88: 46082 | B88: 0.3125 | C88: =(B89-B88)/TIME(7,0,0) -> 1 | D88: بيكي وردة | E88: 121 | F88: الكرطون
A89: 46082 | B89: 0.60416667 | D89: بيكي وردة | E89: 121 | F89: الكرطون
A90: 46082 | B90: 0.3125 | C90: =(B91-B90)/TIME(7,0,0) -> 1 | D90: تجاني البشير | E90: 409 | F90: المزرعة
A91: 46082 | B91: 0.60416667 | D91: تجاني البشير | E91: 409 | F91: المزرعة
A92: 46082 | B92: 0.3125 | C92: =(B93-B92)/TIME(7,0,0) -> 1 | D92: تجاني محمد الصادق | E92: 376 | F92: الكرطون
A93: 46082 | B93: 0.60416667 | D93: تجاني محمد الصادق | E93: 376 | F93: الكرطون
A94: 46082 | B94: 0.325 | C94: 1.5 | D94: تجاني محمد الطاهر | E94: 38 | F94: حارس
A95: 46082 | B95: 0.32777778 | D95: تجاني محمد الطاهر | E95: 38 | F95: حارس
A96: 46082 | B96: 0.7 | D96: تجاني محمد الطاهر | E96: 38 | F96: حارس
A97: 46082 | B97: 0.3125 | C97: =(B98-B97)/TIME(7,0,0) -> 1 | D97: تجاني محمد الهادي | E97: 433 | F97: ع.نظافة
A98: 46082 | B98: 0.60416667 | D98: تجاني محمد الهادي | E98: 433 | F98: ع.نظافة
A99: 46082 | B99: 0.3125 | C99: =(B100-B99)/TIME(7,0,0) -> 1 | D99: تجيني حسين | E99: 352 | F99: سلك زنقاج
A100: 46082 | B100: 0.60416667 | D100: تجيني حسين | E100: 352 | F100: سلك زنقاج
...
